"estimate","true_value","distance","obs","sd","estimator","perc","Q"
203.797445173262,199.89,3.90744517326226,10,10,"mean","Mean",50.5
200.306586010601,199.89,0.416586010601293,10,10,"mean","Mean",50.5
198.199624454981,199.89,-1.69037554501887,10,10,"mean","Mean",50.5
194.587031724749,199.89,-5.30296827525106,10,10,"mean","Mean",50.5
198.27534121631,199.89,-1.61465878369017,10,10,"mean","Mean",50.5
194.924260932081,199.89,-4.96573906791849,10,10,"mean","Mean",50.5
200.381662673873,199.89,0.491662673873066,10,10,"mean","Mean",50.5
199.175873810157,199.89,-0.714126189843057,10,10,"mean","Mean",50.5
203.076222829735,199.89,3.18622282973456,10,10,"mean","Mean",50.5
199.603636102384,199.89,-0.28636389761607,10,10,"mean","Mean",50.5
200.764576513396,199.89,0.874576513396505,10,10,"mean","Mean",50.5
199.148487708389,199.89,-0.741512291610519,10,10,"mean","Mean",50.5
196.308000013344,199.89,-3.58199998665617,10,10,"mean","Mean",50.5
200.254474735571,199.89,0.364474735571491,10,10,"mean","Mean",50.5
193.108488147655,199.89,-6.7815118523452,10,10,"mean","Mean",50.5
201.953350829517,199.89,2.06335082951719,10,10,"mean","Mean",50.5
199.292194522668,199.89,-0.597805477332372,10,10,"mean","Mean",50.5
201.466239742886,199.89,1.57623974288612,10,10,"mean","Mean",50.5
199.094111320747,199.89,-0.795888679252784,10,10,"mean","Mean",50.5
193.879095112239,199.89,-6.01090488776143,10,10,"mean","Mean",50.5
194.460794881338,199.89,-5.42920511866151,10,10,"mean","Mean",50.5
197.322385827958,199.89,-2.56761417204223,10,10,"mean","Mean",50.5
199.839092290026,199.89,-0.0509077099742683,10,10,"mean","Mean",50.5
196.914854676438,199.89,-2.97514532356192,10,10,"mean","Mean",50.5
200.81177610562,199.89,0.921776105620125,10,10,"mean","Mean",50.5
202.758837935212,199.89,2.86883793521244,10,10,"mean","Mean",50.5
204.168869069039,199.89,4.27886906903868,10,10,"mean","Mean",50.5
198.536834751481,199.89,-1.35316524851882,10,10,"mean","Mean",50.5
199.346293396001,199.89,-0.543706603998601,10,10,"mean","Mean",50.5
199.72311624966,199.89,-0.166883750339736,10,10,"mean","Mean",50.5
201.907928792928,199.89,2.01792879292759,10,10,"mean","Mean",50.5
198.734129610112,199.89,-1.15587038988826,10,10,"mean","Mean",50.5
199.540325671285,199.89,-0.349674328715309,10,10,"mean","Mean",50.5
202.085941126107,199.89,2.19594112610696,10,10,"mean","Mean",50.5
202.398364711685,199.89,2.50836471168475,10,10,"mean","Mean",50.5
194.440360249569,199.89,-5.44963975043092,10,10,"mean","Mean",50.5
193.310968415597,199.89,-6.57903158440305,10,10,"mean","Mean",50.5
202.999010555913,199.89,3.10901055591279,10,10,"mean","Mean",50.5
199.958433074744,199.89,0.068433074744064,10,10,"mean","Mean",50.5
199.294905905956,199.89,-0.595094094044271,10,10,"mean","Mean",50.5
205.457236104615,199.89,5.56723610461509,10,10,"mean","Mean",50.5
200.465071083011,199.89,0.575071083010869,10,10,"mean","Mean",50.5
195.491136687206,199.89,-4.39886331279374,10,10,"mean","Mean",50.5
201.709930550762,199.89,1.81993055076214,10,10,"mean","Mean",50.5
193.070632818933,199.89,-6.81936718106732,10,10,"mean","Mean",50.5
195.757618116454,199.89,-4.13238188354603,10,10,"mean","Mean",50.5
200.578141215122,199.89,0.688141215121675,10,10,"mean","Mean",50.5
193.205694731537,199.89,-6.68430526846277,10,10,"mean","Mean",50.5
204.597839135148,199.89,4.70783913514799,10,10,"mean","Mean",50.5
196.480943491946,199.89,-3.40905650805394,10,10,"mean","Mean",50.5
204.595089363529,199.89,4.705089363529,10,10,"mean","Mean",50.5
198.217530896943,199.89,-1.6724691030567,10,10,"mean","Mean",50.5
196.915100245818,199.89,-2.97489975418233,10,10,"mean","Mean",50.5
201.772869451695,199.89,1.88286945169475,10,10,"mean","Mean",50.5
203.708687200565,199.89,3.81868720056463,10,10,"mean","Mean",50.5
196.414887789282,199.89,-3.47511221071815,10,10,"mean","Mean",50.5
196.725153845584,199.89,-3.16484615441607,10,10,"mean","Mean",50.5
197.551597188019,199.89,-2.33840281198059,10,10,"mean","Mean",50.5
200.683376409609,199.89,0.79337640960884,10,10,"mean","Mean",50.5
201.431598930666,199.89,1.54159893066594,10,10,"mean","Mean",50.5
197.06619695813,199.89,-2.82380304187038,10,10,"mean","Mean",50.5
204.127897497362,199.89,4.23789749736221,10,10,"mean","Mean",50.5
196.163783017124,199.89,-3.72621698287591,10,10,"mean","Mean",50.5
197.686984911426,199.89,-2.20301508857418,10,10,"mean","Mean",50.5
197.459001402755,199.89,-2.43099859724487,10,10,"mean","Mean",50.5
200.19576959863,199.89,0.305769598629581,10,10,"mean","Mean",50.5
199.328252201624,199.89,-0.561747798375734,10,10,"mean","Mean",50.5
203.022039390679,199.89,3.13203939067904,10,10,"mean","Mean",50.5
200.368952678852,199.89,0.478952678851982,10,10,"mean","Mean",50.5
200.822317799504,199.89,0.932317799503721,10,10,"mean","Mean",50.5
199.728498606549,199.89,-0.161501393450862,10,10,"mean","Mean",50.5
198.65271095528,199.89,-1.23728904471955,10,10,"mean","Mean",50.5
200.908637964625,199.89,1.01863796462465,10,10,"mean","Mean",50.5
200.15473940166,199.89,0.264739401660336,10,10,"mean","Mean",50.5
196.358215650971,199.89,-3.53178434902912,10,10,"mean","Mean",50.5
201.452695064046,199.89,1.56269506404558,10,10,"mean","Mean",50.5
199.941507596193,199.89,0.0515075961930336,10,10,"mean","Mean",50.5
194.223238397127,199.89,-5.66676160287329,10,10,"mean","Mean",50.5
197.339963411976,199.89,-2.55003658802394,10,10,"mean","Mean",50.5
199.967644117934,199.89,0.0776441179336302,10,10,"mean","Mean",50.5
192.622605710337,199.89,-7.2673942896634,10,10,"mean","Mean",50.5
202.746937805081,199.89,2.85693780508109,10,10,"mean","Mean",50.5
197.568443753959,199.89,-2.32155624604056,10,10,"mean","Mean",50.5
203.70143183101,199.89,3.81143183100997,10,10,"mean","Mean",50.5
200.264698599263,199.89,0.374698599262871,10,10,"mean","Mean",50.5
202.969899170463,199.89,3.07989917046334,10,10,"mean","Mean",50.5
201.508890629083,199.89,1.6188906290833,10,10,"mean","Mean",50.5
201.341668791967,199.89,1.45166879196719,10,10,"mean","Mean",50.5
201.201809509741,199.89,1.31180950974075,10,10,"mean","Mean",50.5
201.190528097671,199.89,1.30052809767054,10,10,"mean","Mean",50.5
199.104307503815,199.89,-0.785692496185277,10,10,"mean","Mean",50.5
197.667298747036,199.89,-2.22270125296433,10,10,"mean","Mean",50.5
202.19901950405,199.89,2.30901950405041,10,10,"mean","Mean",50.5
199.152772553284,199.89,-0.737227446715934,10,10,"mean","Mean",50.5
197.786773918797,199.89,-2.10322608120327,10,10,"mean","Mean",50.5
198.953344985515,199.89,-0.936655014484757,10,10,"mean","Mean",50.5
198.073602089371,199.89,-1.81639791062878,10,10,"mean","Mean",50.5
208.258610590138,199.89,8.36861059013788,10,10,"mean","Mean",50.5
198.389726831158,199.89,-1.50027316884245,10,10,"mean","Mean",50.5
197.631673439332,199.89,-2.25832656066783,10,10,"mean","Mean",50.5
199.17020182837,200.16,-0.989798171629587,10,20,"mean","Mean",50.5
197.928772464746,200.16,-2.23122753525445,10,20,"mean","Mean",50.5
204.514468771935,200.16,4.35446877193479,10,20,"mean","Mean",50.5
204.923679221593,200.16,4.76367922159326,10,20,"mean","Mean",50.5
189.465326386768,200.16,-10.6946736132316,10,20,"mean","Mean",50.5
204.062694453863,200.16,3.90269445386292,10,20,"mean","Mean",50.5
207.675013863859,200.16,7.51501386385868,10,20,"mean","Mean",50.5
198.837856760868,200.16,-1.32214323913195,10,20,"mean","Mean",50.5
199.279966047039,200.16,-0.8800339529609,10,20,"mean","Mean",50.5
208.988239442245,200.16,8.82823944224538,10,20,"mean","Mean",50.5
200.190566002104,200.16,0.0305660021044218,10,20,"mean","Mean",50.5
205.531908577715,200.16,5.37190857771455,10,20,"mean","Mean",50.5
202.679311804494,200.16,2.51931180449415,10,20,"mean","Mean",50.5
198.82047814143,200.16,-1.33952185857035,10,20,"mean","Mean",50.5
193.629716678258,200.16,-6.53028332174216,10,20,"mean","Mean",50.5
191.20827042796,200.16,-8.95172957203988,10,20,"mean","Mean",50.5
181.756690331292,200.16,-18.4033096687076,10,20,"mean","Mean",50.5
200.549687548827,200.16,0.389687548827197,10,20,"mean","Mean",50.5
199.16624239954,200.16,-0.993757600459901,10,20,"mean","Mean",50.5
186.917769797162,200.16,-13.2422302028382,10,20,"mean","Mean",50.5
205.185006644804,200.16,5.02500664480422,10,20,"mean","Mean",50.5
203.905583114875,200.16,3.74558311487502,10,20,"mean","Mean",50.5
199.32123451517,200.16,-0.83876548483039,10,20,"mean","Mean",50.5
190.540617304343,200.16,-9.61938269565664,10,20,"mean","Mean",50.5
189.139315169283,200.16,-11.0206848307171,10,20,"mean","Mean",50.5
201.460154382302,200.16,1.30015438230234,10,20,"mean","Mean",50.5
201.859797037856,200.16,1.69979703785566,10,20,"mean","Mean",50.5
212.734320319317,200.16,12.5743203193171,10,20,"mean","Mean",50.5
192.328079239388,200.16,-7.83192076061169,10,20,"mean","Mean",50.5
209.317228948689,200.16,9.15722894868915,10,20,"mean","Mean",50.5
204.280414783541,200.16,4.12041478354053,10,20,"mean","Mean",50.5
197.367957386212,200.16,-2.7920426137882,10,20,"mean","Mean",50.5
207.083571536002,200.16,6.92357153600187,10,20,"mean","Mean",50.5
192.400758403003,200.16,-7.75924159699719,10,20,"mean","Mean",50.5
196.879844049729,200.16,-3.28015595027063,10,20,"mean","Mean",50.5
198.371297181111,200.16,-1.78870281888945,10,20,"mean","Mean",50.5
194.683583387475,200.16,-5.47641661252473,10,20,"mean","Mean",50.5
180.068151706876,200.16,-20.0918482931239,10,20,"mean","Mean",50.5
189.125175024288,200.16,-11.0348249757117,10,20,"mean","Mean",50.5
192.59422735613,200.16,-7.56577264386971,10,20,"mean","Mean",50.5
201.534255501156,200.16,1.374255501156,10,20,"mean","Mean",50.5
197.23409103755,200.16,-2.92590896244971,10,20,"mean","Mean",50.5
209.90315698329,200.16,9.74315698328996,10,20,"mean","Mean",50.5
202.689565181019,200.16,2.52956518101851,10,20,"mean","Mean",50.5
195.987995347633,200.16,-4.17200465236704,10,20,"mean","Mean",50.5
197.589343132162,200.16,-2.57065686783804,10,20,"mean","Mean",50.5
206.330283852703,200.16,6.17028385270336,10,20,"mean","Mean",50.5
203.059846462014,200.16,2.89984646201381,10,20,"mean","Mean",50.5
202.122443266029,200.16,1.96244326602942,10,20,"mean","Mean",50.5
202.47664322383,200.16,2.3166432238298,10,20,"mean","Mean",50.5
200.159899775551,200.16,-0.000100224448857489,10,20,"mean","Mean",50.5
204.223436337751,200.16,4.06343633775143,10,20,"mean","Mean",50.5
200.941008009225,200.16,0.781008009224735,10,20,"mean","Mean",50.5
207.52755971693,200.16,7.36755971693046,10,20,"mean","Mean",50.5
201.256728317974,200.16,1.09672831797437,10,20,"mean","Mean",50.5
208.504988567841,200.16,8.34498856784126,10,20,"mean","Mean",50.5
212.435123414318,200.16,12.2751234143182,10,20,"mean","Mean",50.5
192.385946608469,200.16,-7.77405339153091,10,20,"mean","Mean",50.5
192.46639530315,200.16,-7.69360469685,10,20,"mean","Mean",50.5
202.279928410584,200.16,2.11992841058409,10,20,"mean","Mean",50.5
204.134767302265,200.16,3.97476730226504,10,20,"mean","Mean",50.5
198.041538923719,200.16,-2.11846107628114,10,20,"mean","Mean",50.5
206.769638019696,200.16,6.60963801969578,10,20,"mean","Mean",50.5
195.557409669823,200.16,-4.6025903301767,10,20,"mean","Mean",50.5
208.258982884369,200.16,8.09898288436884,10,20,"mean","Mean",50.5
213.904851248001,200.16,13.7448512480014,10,20,"mean","Mean",50.5
204.766607091589,200.16,4.60660709158935,10,20,"mean","Mean",50.5
203.614879671722,200.16,3.45487967172193,10,20,"mean","Mean",50.5
199.025878452474,200.16,-1.13412154752623,10,20,"mean","Mean",50.5
188.607284947062,200.16,-11.5527150529377,10,20,"mean","Mean",50.5
205.817682623338,200.16,5.65768262333754,10,20,"mean","Mean",50.5
204.853942590709,200.16,4.69394259070879,10,20,"mean","Mean",50.5
207.296991221097,200.16,7.13699122109688,10,20,"mean","Mean",50.5
196.548990525884,200.16,-3.61100947411614,10,20,"mean","Mean",50.5
199.834301243337,200.16,-0.325698756663002,10,20,"mean","Mean",50.5
203.809034027833,200.16,3.64903402783332,10,20,"mean","Mean",50.5
199.46255104068,200.16,-0.697448959320099,10,20,"mean","Mean",50.5
211.137045408009,200.16,10.9770454080086,10,20,"mean","Mean",50.5
210.831670425214,200.16,10.6716704252142,10,20,"mean","Mean",50.5
187.113723384411,200.16,-13.0462766155885,10,20,"mean","Mean",50.5
192.442888995641,200.16,-7.71711100435905,10,20,"mean","Mean",50.5
204.653288585412,200.16,4.49328858541244,10,20,"mean","Mean",50.5
197.598106625047,200.16,-2.56189337495317,10,20,"mean","Mean",50.5
192.148078850194,200.16,-8.0119211498056,10,20,"mean","Mean",50.5
198.694230247461,200.16,-1.46576975253865,10,20,"mean","Mean",50.5
192.811414968116,200.16,-7.34858503188406,10,20,"mean","Mean",50.5
190.499676626936,200.16,-9.66032337306444,10,20,"mean","Mean",50.5
208.880209985823,200.16,8.72020998582295,10,20,"mean","Mean",50.5
206.042531644178,200.16,5.8825316441777,10,20,"mean","Mean",50.5
209.00617477842,200.16,8.84617477842008,10,20,"mean","Mean",50.5
205.613286025056,200.16,5.45328602505566,10,20,"mean","Mean",50.5
213.722468780736,200.16,13.562468780736,10,20,"mean","Mean",50.5
206.933632683984,200.16,6.77363268398403,10,20,"mean","Mean",50.5
203.764129122485,200.16,3.60412912248549,10,20,"mean","Mean",50.5
201.890874060653,200.16,1.73087406065281,10,20,"mean","Mean",50.5
198.210968357595,200.16,-1.94903164240469,10,20,"mean","Mean",50.5
189.573938691707,200.16,-10.5860613082932,10,20,"mean","Mean",50.5
200.398962589903,200.16,0.238962589902684,10,20,"mean","Mean",50.5
188.442967648721,200.16,-11.7170323512789,10,20,"mean","Mean",50.5
192.946560848304,200.16,-7.21343915169564,10,20,"mean","Mean",50.5
204.638577595919,200.19,4.44857759591855,10,40,"mean","Mean",50.5
190.639391228547,200.19,-9.55060877145257,10,40,"mean","Mean",50.5
198.964883879859,200.19,-1.22511612014139,10,40,"mean","Mean",50.5
221.749698670513,200.19,21.5596986705134,10,40,"mean","Mean",50.5
194.20210669823,200.19,-5.9878933017697,10,40,"mean","Mean",50.5
211.921739097851,200.19,11.7317390978511,10,40,"mean","Mean",50.5
212.427491127778,200.19,12.2374911277782,10,40,"mean","Mean",50.5
193.465068688381,200.19,-6.72493131161943,10,40,"mean","Mean",50.5
206.057331967782,200.19,5.86733196778241,10,40,"mean","Mean",50.5
200.433040328535,200.19,0.243040328535074,10,40,"mean","Mean",50.5
201.600721197219,200.19,1.41072119721858,10,40,"mean","Mean",50.5
210.789369181623,200.19,10.5993691816225,10,40,"mean","Mean",50.5
207.964926277913,200.19,7.77492627791256,10,40,"mean","Mean",50.5
193.510459546289,200.19,-6.6795404537107,10,40,"mean","Mean",50.5
190.507076655291,200.19,-9.68292334470891,10,40,"mean","Mean",50.5
182.555305857379,200.19,-17.6346941426206,10,40,"mean","Mean",50.5
215.206413761894,200.19,15.016413761894,10,40,"mean","Mean",50.5
202.614647550342,200.19,2.4246475503422,10,40,"mean","Mean",50.5
186.864240201563,200.19,-13.3257597984372,10,40,"mean","Mean",50.5
168.579696561758,200.19,-31.6103034382417,10,40,"mean","Mean",50.5
187.840113449605,200.19,-12.3498865503947,10,40,"mean","Mean",50.5
212.545445827244,200.19,12.3554458272438,10,40,"mean","Mean",50.5
185.539622276881,200.19,-14.650377723119,10,40,"mean","Mean",50.5
207.521701413225,200.19,7.33170141322543,10,40,"mean","Mean",50.5
179.317577060882,200.19,-20.8724229391178,10,40,"mean","Mean",50.5
195.56014903857,200.19,-4.62985096143038,10,40,"mean","Mean",50.5
211.146386002011,200.19,10.9563860020108,10,40,"mean","Mean",50.5
171.918457182887,200.19,-28.2715428171134,10,40,"mean","Mean",50.5
195.90403805763,200.19,-4.28596194236977,10,40,"mean","Mean",50.5
187.169389063791,200.19,-13.0206109362088,10,40,"mean","Mean",50.5
197.707708427416,200.19,-2.4822915725839,10,40,"mean","Mean",50.5
189.752027784948,200.19,-10.4379722150521,10,40,"mean","Mean",50.5
212.926207540098,200.19,12.7362075400976,10,40,"mean","Mean",50.5
204.171296310055,200.19,3.98129631005486,10,40,"mean","Mean",50.5
197.505019982185,200.19,-2.68498001781535,10,40,"mean","Mean",50.5
224.551194165884,200.19,24.3611941658844,10,40,"mean","Mean",50.5
223.936697266197,200.19,23.746697266197,10,40,"mean","Mean",50.5
205.43827762116,200.19,5.24827762116036,10,40,"mean","Mean",50.5
214.009823447172,200.19,13.8198234471716,10,40,"mean","Mean",50.5
168.318843869412,200.19,-31.871156130588,10,40,"mean","Mean",50.5
196.364427937982,200.19,-3.82557206201849,10,40,"mean","Mean",50.5
201.540306056867,200.19,1.35030605686686,10,40,"mean","Mean",50.5
221.671077319223,200.19,21.4810773192227,10,40,"mean","Mean",50.5
193.275281771883,200.19,-6.91471822811744,10,40,"mean","Mean",50.5
187.409934083123,200.19,-12.7800659168774,10,40,"mean","Mean",50.5
204.502660763399,200.19,4.31266076339946,10,40,"mean","Mean",50.5
212.198707827839,200.19,12.0087078278388,10,40,"mean","Mean",50.5
198.555221275291,200.19,-1.63477872470949,10,40,"mean","Mean",50.5
207.956947275378,200.19,7.76694727537796,10,40,"mean","Mean",50.5
199.933107329447,200.19,-0.256892670553469,10,40,"mean","Mean",50.5
190.71821534787,200.19,-9.47178465213028,10,40,"mean","Mean",50.5
230.433681619083,200.19,30.2436816190826,10,40,"mean","Mean",50.5
203.034716769731,200.19,2.84471676973072,10,40,"mean","Mean",50.5
207.815931970342,200.19,7.62593197034192,10,40,"mean","Mean",50.5
207.181710113803,200.19,6.99171011380295,10,40,"mean","Mean",50.5
210.851660215003,200.19,10.6616602150032,10,40,"mean","Mean",50.5
221.304036443834,200.19,21.1140364438343,10,40,"mean","Mean",50.5
190.179408923729,200.19,-10.0105910762714,10,40,"mean","Mean",50.5
199.639239414717,200.19,-0.550760585282916,10,40,"mean","Mean",50.5
204.263843893544,200.19,4.07384389354371,10,40,"mean","Mean",50.5
185.662257390276,200.19,-14.5277426097237,10,40,"mean","Mean",50.5
217.537053547528,200.19,17.3470535475276,10,40,"mean","Mean",50.5
215.942423657347,200.19,15.7524236573474,10,40,"mean","Mean",50.5
219.973745286522,200.19,19.7837452865216,10,40,"mean","Mean",50.5
219.969716851224,200.19,19.7797168512245,10,40,"mean","Mean",50.5
187.010888616013,200.19,-13.179111383987,10,40,"mean","Mean",50.5
196.784715098082,200.19,-3.40528490191781,10,40,"mean","Mean",50.5
202.150627003899,200.19,1.96062700389871,10,40,"mean","Mean",50.5
187.219727544122,200.19,-12.9702724558776,10,40,"mean","Mean",50.5
197.677412338078,200.19,-2.51258766192191,10,40,"mean","Mean",50.5
233.288051410916,200.19,33.0980514109159,10,40,"mean","Mean",50.5
188.095026002576,200.19,-12.0949739974235,10,40,"mean","Mean",50.5
219.411739927506,200.19,19.2217399275058,10,40,"mean","Mean",50.5
200.796903901116,200.19,0.606903901115743,10,40,"mean","Mean",50.5
219.224235582584,200.19,19.0342355825843,10,40,"mean","Mean",50.5
206.985255287074,200.19,6.79525528707438,10,40,"mean","Mean",50.5
180.444497605748,200.19,-19.7455023942521,10,40,"mean","Mean",50.5
208.177388438763,200.19,7.98738843876313,10,40,"mean","Mean",50.5
224.026788038647,200.19,23.8367880386466,10,40,"mean","Mean",50.5
205.720772637721,200.19,5.53077263772093,10,40,"mean","Mean",50.5
200.854394077562,200.19,0.664394077562349,10,40,"mean","Mean",50.5
210.1341104597,200.19,9.94411045970008,10,40,"mean","Mean",50.5
196.695127969104,200.19,-3.49487203089626,10,40,"mean","Mean",50.5
199.380538276526,200.19,-0.809461723474442,10,40,"mean","Mean",50.5
215.102585002027,200.19,14.9125850020266,10,40,"mean","Mean",50.5
208.283502215256,200.19,8.09350221525574,10,40,"mean","Mean",50.5
204.883633918295,200.19,4.69363391829501,10,40,"mean","Mean",50.5
186.342373360015,200.19,-13.8476266399849,10,40,"mean","Mean",50.5
197.444571404814,200.19,-2.74542859518621,10,40,"mean","Mean",50.5
201.616749786031,200.19,1.42674978603117,10,40,"mean","Mean",50.5
182.650280081039,200.19,-17.5397199189608,10,40,"mean","Mean",50.5
208.837658999063,200.19,8.64765899906277,10,40,"mean","Mean",50.5
201.527505576846,200.19,1.33750557684621,10,40,"mean","Mean",50.5
184.488056805388,200.19,-15.701943194612,10,40,"mean","Mean",50.5
190.148116440787,200.19,-10.0418835592134,10,40,"mean","Mean",50.5
195.524197837701,200.19,-4.66580216229943,10,40,"mean","Mean",50.5
226.832580415575,200.19,26.6425804155747,10,40,"mean","Mean",50.5
209.043331168299,200.19,8.85333116829929,10,40,"mean","Mean",50.5
206.436794873243,200.19,6.24679487324266,10,40,"mean","Mean",50.5
185.400671330166,200.19,-14.7893286698335,10,40,"mean","Mean",50.5
202.268762455663,199.89,2.37876245566335,20,10,"mean","Mean",50.5
200.448380928629,199.89,0.558380928629049,20,10,"mean","Mean",50.5
200.076563385194,199.89,0.186563385193807,20,10,"mean","Mean",50.5
198.236498496016,199.89,-1.65350150398368,20,10,"mean","Mean",50.5
193.952603793804,199.89,-5.93739620619559,20,10,"mean","Mean",50.5
199.88922979643,199.89,-0.000770203570112926,20,10,"mean","Mean",50.5
200.568561238701,199.89,0.678561238700837,20,10,"mean","Mean",50.5
195.313913477815,199.89,-4.57608652218531,20,10,"mean","Mean",50.5
199.436936628856,199.89,-0.453063371143912,20,10,"mean","Mean",50.5
200.194319838451,199.89,0.30431983845088,20,10,"mean","Mean",50.5
201.245271302283,199.89,1.35527130228348,20,10,"mean","Mean",50.5
203.042422935411,199.89,3.15242293541141,20,10,"mean","Mean",50.5
201.267072998106,199.89,1.3770729981062,20,10,"mean","Mean",50.5
199.726828456546,199.89,-0.163171543453899,20,10,"mean","Mean",50.5
206.755608090897,199.89,6.86560809089744,20,10,"mean","Mean",50.5
197.693414466523,199.89,-2.19658553347745,20,10,"mean","Mean",50.5
199.307255295543,199.89,-0.582744704457014,20,10,"mean","Mean",50.5
197.552382355032,199.89,-2.33761764496782,20,10,"mean","Mean",50.5
201.464124057681,199.89,1.57412405768105,20,10,"mean","Mean",50.5
201.429651392001,199.89,1.53965139200062,20,10,"mean","Mean",50.5
200.392943687098,199.89,0.502943687098281,20,10,"mean","Mean",50.5
198.813973513034,199.89,-1.07602648696565,20,10,"mean","Mean",50.5
197.331916263758,199.89,-2.55808373624174,20,10,"mean","Mean",50.5
200.283572541189,199.89,0.393572541188973,20,10,"mean","Mean",50.5
198.052706702711,199.89,-1.83729329728905,20,10,"mean","Mean",50.5
195.042571220946,199.89,-4.84742877905407,20,10,"mean","Mean",50.5
198.301243378051,199.89,-1.58875662194876,20,10,"mean","Mean",50.5
199.602061683649,199.89,-0.287938316351415,20,10,"mean","Mean",50.5
198.398035338194,199.89,-1.49196466180638,20,10,"mean","Mean",50.5
202.912802253171,199.89,3.02280225317131,20,10,"mean","Mean",50.5
200.920510363814,199.89,1.0305103638143,20,10,"mean","Mean",50.5
200.278796225367,199.89,0.38879622536723,20,10,"mean","Mean",50.5
198.723420179184,199.89,-1.16657982081639,20,10,"mean","Mean",50.5
195.240224073185,199.89,-4.64977592681493,20,10,"mean","Mean",50.5
197.208607776149,199.89,-2.68139222385088,20,10,"mean","Mean",50.5
203.664864973072,199.89,3.77486497307231,20,10,"mean","Mean",50.5
200.391932776304,199.89,0.501932776304272,20,10,"mean","Mean",50.5
199.19714261427,199.89,-0.692857385730377,20,10,"mean","Mean",50.5
202.267899573496,199.89,2.37789957349605,20,10,"mean","Mean",50.5
200.802490500807,199.89,0.912490500807081,20,10,"mean","Mean",50.5
198.347726413202,199.89,-1.54227358679844,20,10,"mean","Mean",50.5
196.278937848975,199.89,-3.61106215102475,20,10,"mean","Mean",50.5
197.110138859478,199.89,-2.77986114052223,20,10,"mean","Mean",50.5
198.309611038303,199.89,-1.580388961697,20,10,"mean","Mean",50.5
194.645760674093,199.89,-5.24423932590724,20,10,"mean","Mean",50.5
195.650087738057,199.89,-4.23991226194264,20,10,"mean","Mean",50.5
198.805075264416,199.89,-1.08492473558442,20,10,"mean","Mean",50.5
204.464184476822,199.89,4.57418447682247,20,10,"mean","Mean",50.5
201.718628760546,199.89,1.82862876054583,20,10,"mean","Mean",50.5
201.222884311145,199.89,1.33288431114494,20,10,"mean","Mean",50.5
201.335457971161,199.89,1.4454579711614,20,10,"mean","Mean",50.5
200.919865642462,199.89,1.02986564246248,20,10,"mean","Mean",50.5
199.495441168241,199.89,-0.394558831759241,20,10,"mean","Mean",50.5
199.972621591025,199.89,0.0826215910248038,20,10,"mean","Mean",50.5
196.426435557421,199.89,-3.46356444257924,20,10,"mean","Mean",50.5
198.592124250098,199.89,-1.2978757499024,20,10,"mean","Mean",50.5
201.901319912577,199.89,2.01131991257671,20,10,"mean","Mean",50.5
200.995470583108,199.89,1.10547058310758,20,10,"mean","Mean",50.5
201.950521916612,199.89,2.06052191661249,20,10,"mean","Mean",50.5
200.746922887449,199.89,0.856922887449116,20,10,"mean","Mean",50.5
201.716635172524,199.89,1.82663517252385,20,10,"mean","Mean",50.5
198.590957374343,199.89,-1.29904262565714,20,10,"mean","Mean",50.5
198.942738078988,199.89,-0.94726192101183,20,10,"mean","Mean",50.5
200.801139142114,199.89,0.911139142114479,20,10,"mean","Mean",50.5
197.589709313566,199.89,-2.30029068643441,20,10,"mean","Mean",50.5
200.064871503797,199.89,0.174871503797362,20,10,"mean","Mean",50.5
198.62543393324,199.89,-1.26456606675956,20,10,"mean","Mean",50.5
201.00673369592,199.89,1.11673369592012,20,10,"mean","Mean",50.5
202.915044880609,199.89,3.02504488060893,20,10,"mean","Mean",50.5
199.05509357128,199.89,-0.834906428719876,20,10,"mean","Mean",50.5
201.569668408783,199.89,1.67966840878287,20,10,"mean","Mean",50.5
199.479238304612,199.89,-0.410761695388175,20,10,"mean","Mean",50.5
199.095937056908,199.89,-0.794062943091632,20,10,"mean","Mean",50.5
201.56787290758,199.89,1.67787290758037,20,10,"mean","Mean",50.5
202.699543123669,199.89,2.8095431236693,20,10,"mean","Mean",50.5
201.149898079735,199.89,1.25989807973482,20,10,"mean","Mean",50.5
203.825954295109,199.89,3.93595429510862,20,10,"mean","Mean",50.5
200.984164353528,199.89,1.09416435352779,20,10,"mean","Mean",50.5
199.732943403851,199.89,-0.157056596149289,20,10,"mean","Mean",50.5
200.287542358609,199.89,0.397542358609286,20,10,"mean","Mean",50.5
200.385994437977,199.89,0.495994437977487,20,10,"mean","Mean",50.5
202.955167548697,199.89,3.06516754869725,20,10,"mean","Mean",50.5
198.679408332485,199.89,-1.21059166751539,20,10,"mean","Mean",50.5
205.044643164297,199.89,5.15464316429686,20,10,"mean","Mean",50.5
198.784911489802,199.89,-1.10508851019804,20,10,"mean","Mean",50.5
201.613745911765,199.89,1.72374591176461,20,10,"mean","Mean",50.5
201.367322240622,199.89,1.47732224062224,20,10,"mean","Mean",50.5
200.827375114543,199.89,0.937375114543471,20,10,"mean","Mean",50.5
199.40263552294,199.89,-0.487364477060282,20,10,"mean","Mean",50.5
200.121837543312,199.89,0.231837543311769,20,10,"mean","Mean",50.5
194.551562326547,199.89,-5.33843767345346,20,10,"mean","Mean",50.5
201.153273157324,199.89,1.26327315732408,20,10,"mean","Mean",50.5
201.829129810696,199.89,1.93912981069647,20,10,"mean","Mean",50.5
201.045033024197,199.89,1.15503302419657,20,10,"mean","Mean",50.5
201.570525240099,199.89,1.68052524009852,20,10,"mean","Mean",50.5
200.662297889821,199.89,0.772297889821402,20,10,"mean","Mean",50.5
207.454102263751,199.89,7.56410226375084,20,10,"mean","Mean",50.5
196.903666298875,199.89,-2.98633370112452,20,10,"mean","Mean",50.5
198.983550023542,199.89,-0.906449976457594,20,10,"mean","Mean",50.5
200.06558420515,199.89,0.175584205149789,20,10,"mean","Mean",50.5
197.162287582492,200.16,-2.9977124175077,20,20,"mean","Mean",50.5
195.539302528017,200.16,-4.62069747198325,20,20,"mean","Mean",50.5
200.665678924562,200.16,0.50567892456192,20,20,"mean","Mean",50.5
197.190061733863,200.16,-2.96993826613652,20,20,"mean","Mean",50.5
199.151496931104,200.16,-1.00850306889646,20,20,"mean","Mean",50.5
199.52314951269,200.16,-0.636850487309715,20,20,"mean","Mean",50.5
198.958012811726,200.16,-1.20198718827379,20,20,"mean","Mean",50.5
205.814775041894,200.16,5.65477504189357,20,20,"mean","Mean",50.5
201.553149134478,200.16,1.39314913447816,20,20,"mean","Mean",50.5
197.249173972734,200.16,-2.91082602726624,20,20,"mean","Mean",50.5
193.86199495276,200.16,-6.29800504723974,20,20,"mean","Mean",50.5
191.514222902314,200.16,-8.64577709768554,20,20,"mean","Mean",50.5
199.82578653953,200.16,-0.334213460469925,20,20,"mean","Mean",50.5
202.612907620289,200.16,2.45290762028915,20,20,"mean","Mean",50.5
205.72918514192,200.16,5.5691851419202,20,20,"mean","Mean",50.5
201.546958587325,200.16,1.38695858732535,20,20,"mean","Mean",50.5
199.172732769209,200.16,-0.987267230790934,20,20,"mean","Mean",50.5
203.418600169404,200.16,3.25860016940371,20,20,"mean","Mean",50.5
200.678092486232,200.16,0.518092486232263,20,20,"mean","Mean",50.5
200.51283198129,200.16,0.352831981290279,20,20,"mean","Mean",50.5
193.941917016469,200.16,-6.21808298353096,20,20,"mean","Mean",50.5
196.499927479633,200.16,-3.66007252036704,20,20,"mean","Mean",50.5
199.873286521691,200.16,-0.286713478309139,20,20,"mean","Mean",50.5
199.583325797585,200.16,-0.576674202415404,20,20,"mean","Mean",50.5
199.661365091118,200.16,-0.498634908882423,20,20,"mean","Mean",50.5
203.204096725532,200.16,3.04409672553197,20,20,"mean","Mean",50.5
199.088151590474,200.16,-1.0718484095255,20,20,"mean","Mean",50.5
198.860528126245,200.16,-1.29947187375518,20,20,"mean","Mean",50.5
202.605188738566,200.16,2.44518873856583,20,20,"mean","Mean",50.5
202.185541587268,200.16,2.0255415872677,20,20,"mean","Mean",50.5
203.643460966526,200.16,3.48346096652594,20,20,"mean","Mean",50.5
196.070048761017,200.16,-4.08995123898256,20,20,"mean","Mean",50.5
194.360272288277,200.16,-5.79972771172274,20,20,"mean","Mean",50.5
197.141324435981,200.16,-3.01867556401899,20,20,"mean","Mean",50.5
193.60322526681,200.16,-6.55677473318988,20,20,"mean","Mean",50.5
195.872398295675,200.16,-4.28760170432543,20,20,"mean","Mean",50.5
202.917051977161,200.16,2.75705197716056,20,20,"mean","Mean",50.5
197.465445791802,200.16,-2.69455420819844,20,20,"mean","Mean",50.5
201.680639445344,200.16,1.52063944534444,20,20,"mean","Mean",50.5
199.9111541068,200.16,-0.248845893200354,20,20,"mean","Mean",50.5
204.33754552886,200.16,4.17754552886026,20,20,"mean","Mean",50.5
201.501456558716,200.16,1.34145655871623,20,20,"mean","Mean",50.5
193.254652718875,200.16,-6.90534728112493,20,20,"mean","Mean",50.5
205.525850105574,200.16,5.36585010557437,20,20,"mean","Mean",50.5
199.585795897871,200.16,-0.574204102128533,20,20,"mean","Mean",50.5
209.419142802012,200.16,9.25914280201229,20,20,"mean","Mean",50.5
206.765409898455,200.16,6.60540989845529,20,20,"mean","Mean",50.5
200.000585006048,200.16,-0.159414993951884,20,20,"mean","Mean",50.5
199.897067765334,200.16,-0.262932234666408,20,20,"mean","Mean",50.5
202.537713818271,200.16,2.37771381827051,20,20,"mean","Mean",50.5
200.819482081509,200.16,0.659482081509225,20,20,"mean","Mean",50.5
199.380390091682,200.16,-0.779609908317553,20,20,"mean","Mean",50.5
199.833395041328,200.16,-0.326604958672448,20,20,"mean","Mean",50.5
199.570005595507,200.16,-0.589994404492785,20,20,"mean","Mean",50.5
205.124585073933,200.16,4.96458507393336,20,20,"mean","Mean",50.5
195.285084512629,200.16,-4.87491548737145,20,20,"mean","Mean",50.5
200.078820545111,200.16,-0.0811794548887974,20,20,"mean","Mean",50.5
211.044628358532,200.16,10.8846283585321,20,20,"mean","Mean",50.5
200.459360745458,200.16,0.299360745457534,20,20,"mean","Mean",50.5
195.502491179695,200.16,-4.65750882030517,20,20,"mean","Mean",50.5
201.181269218684,200.16,1.02126921868427,20,20,"mean","Mean",50.5
207.599771560714,200.16,7.43977156071358,20,20,"mean","Mean",50.5
201.96251244874,200.16,1.80251244874006,20,20,"mean","Mean",50.5
203.117234386136,200.16,2.95723438613621,20,20,"mean","Mean",50.5
205.322018443096,200.16,5.16201844309643,20,20,"mean","Mean",50.5
201.653215162478,200.16,1.49321516247807,20,20,"mean","Mean",50.5
205.002681241207,200.16,4.84268124120715,20,20,"mean","Mean",50.5
197.68244463158,200.16,-2.47755536842044,20,20,"mean","Mean",50.5
203.000272273361,200.16,2.84027227336145,20,20,"mean","Mean",50.5
202.356769709229,200.16,2.19676970922856,20,20,"mean","Mean",50.5
196.14484139701,200.16,-4.01515860299043,20,20,"mean","Mean",50.5
205.64659232875,200.16,5.48659232875013,20,20,"mean","Mean",50.5
198.746356673604,200.16,-1.41364332639611,20,20,"mean","Mean",50.5
195.487885662083,200.16,-4.67211433791738,20,20,"mean","Mean",50.5
197.670902673213,200.16,-2.48909732678652,20,20,"mean","Mean",50.5
201.325757316943,200.16,1.16575731694334,20,20,"mean","Mean",50.5
204.740456837068,200.16,4.58045683706794,20,20,"mean","Mean",50.5
198.969525621212,200.16,-1.19047437878808,20,20,"mean","Mean",50.5
198.736156174566,200.16,-1.42384382543355,20,20,"mean","Mean",50.5
197.854333490041,200.16,-2.30566650995877,20,20,"mean","Mean",50.5
194.84697853203,200.16,-5.31302146796983,20,20,"mean","Mean",50.5
208.926185481379,200.16,8.76618548137932,20,20,"mean","Mean",50.5
196.405864293969,200.16,-3.75413570603072,20,20,"mean","Mean",50.5
194.071025209496,200.16,-6.08897479050387,20,20,"mean","Mean",50.5
195.239688643609,200.16,-4.92031135639127,20,20,"mean","Mean",50.5
196.533589324494,200.16,-3.62641067550587,20,20,"mean","Mean",50.5
199.867277935366,200.16,-0.292722064634006,20,20,"mean","Mean",50.5
204.161714752014,200.16,4.00171475201361,20,20,"mean","Mean",50.5
197.858389793446,200.16,-2.30161020655382,20,20,"mean","Mean",50.5
191.577479012609,200.16,-8.58252098739092,20,20,"mean","Mean",50.5
200.353803083808,200.16,0.193803083808206,20,20,"mean","Mean",50.5
196.471728916421,200.16,-3.68827108357922,20,20,"mean","Mean",50.5
191.414255859445,200.16,-8.74574414055547,20,20,"mean","Mean",50.5
200.318653125513,200.16,0.158653125513496,20,20,"mean","Mean",50.5
197.776768538019,200.16,-2.38323146198141,20,20,"mean","Mean",50.5
204.925618078014,200.16,4.76561807801417,20,20,"mean","Mean",50.5
200.567675548945,200.16,0.407675548944752,20,20,"mean","Mean",50.5
204.979375786753,200.16,4.81937578675283,20,20,"mean","Mean",50.5
200.873775659515,200.16,0.713775659514937,20,20,"mean","Mean",50.5
195.872356845027,200.16,-4.28764315497327,20,20,"mean","Mean",50.5
203.466867523737,200.19,3.27686752373742,20,40,"mean","Mean",50.5
193.234604814071,200.19,-6.95539518592946,20,40,"mean","Mean",50.5
210.129703900786,200.19,9.93970390078587,20,40,"mean","Mean",50.5
198.545562015789,200.19,-1.64443798421107,20,40,"mean","Mean",50.5
202.706635775363,200.19,2.51663577536297,20,40,"mean","Mean",50.5
204.399349847539,200.19,4.20934984753876,20,40,"mean","Mean",50.5
190.620241798335,200.19,-9.56975820166494,20,40,"mean","Mean",50.5
209.775347418282,200.19,9.58534741828151,20,40,"mean","Mean",50.5
202.091112278549,200.19,1.90111227854888,20,40,"mean","Mean",50.5
194.870491234618,200.19,-5.31950876538247,20,40,"mean","Mean",50.5
192.678814315177,200.19,-7.51118568482349,20,40,"mean","Mean",50.5
211.259414884773,200.19,11.0694148847731,20,40,"mean","Mean",50.5
199.322732163348,200.19,-0.867267836652417,20,40,"mean","Mean",50.5
206.906490775158,200.19,6.71649077515775,20,40,"mean","Mean",50.5
195.731712608544,200.19,-4.45828739145628,20,40,"mean","Mean",50.5
212.856875348227,200.19,12.6668753482271,20,40,"mean","Mean",50.5
207.617311642651,200.19,7.42731164265084,20,40,"mean","Mean",50.5
182.322459425303,200.19,-17.8675405746968,20,40,"mean","Mean",50.5
208.639664880724,200.19,8.44966488072427,20,40,"mean","Mean",50.5
179.900504454034,200.19,-20.2894955459662,20,40,"mean","Mean",50.5
203.660038517748,200.19,3.47003851774761,20,40,"mean","Mean",50.5
196.458054939101,200.19,-3.73194506089948,20,40,"mean","Mean",50.5
211.055171186336,200.19,10.8651711863359,20,40,"mean","Mean",50.5
213.590896494282,200.19,13.4008964942821,20,40,"mean","Mean",50.5
209.494297267592,200.19,9.30429726759166,20,40,"mean","Mean",50.5
206.766879720944,200.19,6.57687972094413,20,40,"mean","Mean",50.5
201.937444237385,200.19,1.74744423738488,20,40,"mean","Mean",50.5
188.74341139323,200.19,-11.4465886067705,20,40,"mean","Mean",50.5
203.385946477507,200.19,3.19594647750745,20,40,"mean","Mean",50.5
209.680442556523,200.19,9.49044255652311,20,40,"mean","Mean",50.5
216.089911954398,200.19,15.8999119543978,20,40,"mean","Mean",50.5
211.621202325054,200.19,11.4312023250542,20,40,"mean","Mean",50.5
203.375654978667,200.19,3.18565497866686,20,40,"mean","Mean",50.5
193.732136811195,200.19,-6.45786318880485,20,40,"mean","Mean",50.5
198.202843776719,200.19,-1.98715622328083,20,40,"mean","Mean",50.5
197.29244443053,200.19,-2.89755556947026,20,40,"mean","Mean",50.5
198.543602286275,200.19,-1.64639771372461,20,40,"mean","Mean",50.5
205.3131476323,200.19,5.1231476323004,20,40,"mean","Mean",50.5
194.58499413869,200.19,-5.60500586131013,20,40,"mean","Mean",50.5
194.13256029424,200.19,-6.05743970576012,20,40,"mean","Mean",50.5
188.984230993473,200.19,-11.2057690065265,20,40,"mean","Mean",50.5
199.935174726472,200.19,-0.254825273527928,20,40,"mean","Mean",50.5
191.111169338255,200.19,-9.07883066174489,20,40,"mean","Mean",50.5
200.126181397594,200.19,-0.0638186024063145,20,40,"mean","Mean",50.5
214.770540608945,200.19,14.5805406089451,20,40,"mean","Mean",50.5
208.068475051813,200.19,7.87847505181327,20,40,"mean","Mean",50.5
191.358377563647,200.19,-8.83162243635311,20,40,"mean","Mean",50.5
197.181423763456,200.19,-3.0085762365436,20,40,"mean","Mean",50.5
200.396045486577,200.19,0.206045486576983,20,40,"mean","Mean",50.5
183.794753046688,200.19,-16.3952469533125,20,40,"mean","Mean",50.5
208.542633698843,200.19,8.35263369884282,20,40,"mean","Mean",50.5
198.414315818696,200.19,-1.7756841813038,20,40,"mean","Mean",50.5
202.683791340367,200.19,2.49379134036678,20,40,"mean","Mean",50.5
212.638690289653,200.19,12.4486902896526,20,40,"mean","Mean",50.5
197.255755833024,200.19,-2.93424416697556,20,40,"mean","Mean",50.5
190.129298675956,200.19,-10.0607013240439,20,40,"mean","Mean",50.5
215.056086426384,200.19,14.866086426384,20,40,"mean","Mean",50.5
191.899083058243,200.19,-8.29091694175673,20,40,"mean","Mean",50.5
206.50063471426,200.19,6.31063471425981,20,40,"mean","Mean",50.5
200.145479389698,200.19,-0.0445206103019302,20,40,"mean","Mean",50.5
192.788444832556,200.19,-7.401555167444,20,40,"mean","Mean",50.5
189.371500796976,200.19,-10.8184992030239,20,40,"mean","Mean",50.5
198.516601468533,200.19,-1.673398531467,20,40,"mean","Mean",50.5
198.779236305735,200.19,-1.41076369426474,20,40,"mean","Mean",50.5
185.370986811754,200.19,-14.8190131882462,20,40,"mean","Mean",50.5
199.706810790684,200.19,-0.48318920931581,20,40,"mean","Mean",50.5
204.061139695712,200.19,3.87113969571243,20,40,"mean","Mean",50.5
212.980336723333,200.19,12.7903367233328,20,40,"mean","Mean",50.5
194.425974917635,200.19,-5.76402508236521,20,40,"mean","Mean",50.5
203.657213821206,200.19,3.46721382120563,20,40,"mean","Mean",50.5
192.508985752934,200.19,-7.68101424706558,20,40,"mean","Mean",50.5
204.221595964041,200.19,4.0315959640414,20,40,"mean","Mean",50.5
210.346132082394,200.19,10.156132082394,20,40,"mean","Mean",50.5
212.101405469063,200.19,11.911405469063,20,40,"mean","Mean",50.5
205.582372825128,200.19,5.39237282512769,20,40,"mean","Mean",50.5
211.343845459059,200.19,11.153845459059,20,40,"mean","Mean",50.5
217.46453229819,200.19,17.2745322981902,20,40,"mean","Mean",50.5
205.886519625103,200.19,5.69651962510275,20,40,"mean","Mean",50.5
181.873403125138,200.19,-18.3165968748616,20,40,"mean","Mean",50.5
205.174175922667,200.19,4.98417592266711,20,40,"mean","Mean",50.5
218.655672172912,200.19,18.465672172912,20,40,"mean","Mean",50.5
204.527513798487,200.19,4.33751379848684,20,40,"mean","Mean",50.5
206.721812361591,200.19,6.53181236159074,20,40,"mean","Mean",50.5
188.889309046658,200.19,-11.3006909533424,20,40,"mean","Mean",50.5
201.432496380101,200.19,1.2424963801015,20,40,"mean","Mean",50.5
220.313439715763,200.19,20.1234397157629,20,40,"mean","Mean",50.5
193.566852646532,200.19,-6.62314735346791,20,40,"mean","Mean",50.5
214.120885227123,200.19,13.9308852271234,20,40,"mean","Mean",50.5
203.138214847242,200.19,2.94821484724193,20,40,"mean","Mean",50.5
196.479426123958,200.19,-3.71057387604193,20,40,"mean","Mean",50.5
202.482890513818,200.19,2.29289051381792,20,40,"mean","Mean",50.5
206.462899683765,200.19,6.27289968376519,20,40,"mean","Mean",50.5
196.270238081715,200.19,-3.91976191828468,20,40,"mean","Mean",50.5
197.346041332939,200.19,-2.84395866706149,20,40,"mean","Mean",50.5
199.914330876637,200.19,-0.275669123362576,20,40,"mean","Mean",50.5
203.331420826648,200.19,3.14142082664841,20,40,"mean","Mean",50.5
202.272906626101,200.19,2.08290662610077,20,40,"mean","Mean",50.5
186.62671960393,200.19,-13.5632803960698,20,40,"mean","Mean",50.5
190.715328055862,200.19,-9.47467194413761,20,40,"mean","Mean",50.5
192.673360609906,200.19,-7.5166393900939,20,40,"mean","Mean",50.5
200.044956505908,199.89,0.154956505908274,50,10,"mean","Mean",50.5
199.4769832512,199.89,-0.413016748800459,50,10,"mean","Mean",50.5
198.777898452563,199.89,-1.11210154743659,50,10,"mean","Mean",50.5
200.537003777036,199.89,0.647003777035792,50,10,"mean","Mean",50.5
195.231571337321,199.89,-4.65842866267894,50,10,"mean","Mean",50.5
199.437715945081,199.89,-0.452284054919005,50,10,"mean","Mean",50.5
199.343262405585,199.89,-0.546737594415362,50,10,"mean","Mean",50.5
199.541204229403,199.89,-0.34879577059661,50,10,"mean","Mean",50.5
200.453115878947,199.89,0.563115878947059,50,10,"mean","Mean",50.5
200.431986242351,199.89,0.541986242350703,50,10,"mean","Mean",50.5
198.374169178455,199.89,-1.51583082154468,50,10,"mean","Mean",50.5
197.241314689294,199.89,-2.64868531070647,50,10,"mean","Mean",50.5
201.669289277759,199.89,1.77928927775869,50,10,"mean","Mean",50.5
199.03162829869,199.89,-0.858371701309892,50,10,"mean","Mean",50.5
198.748907169453,199.89,-1.14109283054745,50,10,"mean","Mean",50.5
198.473867811374,199.89,-1.41613218862597,50,10,"mean","Mean",50.5
200.500928362329,199.89,0.610928362328991,50,10,"mean","Mean",50.5
200.009988207621,199.89,0.119988207621248,50,10,"mean","Mean",50.5
195.207536042882,199.89,-4.68246395711836,50,10,"mean","Mean",50.5
198.878133274704,199.89,-1.01186672529639,50,10,"mean","Mean",50.5
198.965429078206,199.89,-0.924570921794128,50,10,"mean","Mean",50.5
200.033507702701,199.89,0.143507702700845,50,10,"mean","Mean",50.5
198.557890560984,199.89,-1.33210943901645,50,10,"mean","Mean",50.5
199.42875052876,199.89,-0.461249471239654,50,10,"mean","Mean",50.5
199.134312108404,199.89,-0.755687891596438,50,10,"mean","Mean",50.5
198.553543846595,199.89,-1.33645615340532,50,10,"mean","Mean",50.5
198.707203109132,199.89,-1.18279689086833,50,10,"mean","Mean",50.5
200.253908019042,199.89,0.363908019041759,50,10,"mean","Mean",50.5
198.817124620882,199.89,-1.07287537911782,50,10,"mean","Mean",50.5
199.595095747126,199.89,-0.294904252874375,50,10,"mean","Mean",50.5
201.682698395519,199.89,1.79269839551907,50,10,"mean","Mean",50.5
199.296172886349,199.89,-0.593827113650718,50,10,"mean","Mean",50.5
201.330193272384,199.89,1.44019327238368,50,10,"mean","Mean",50.5
198.33514897732,199.89,-1.55485102267974,50,10,"mean","Mean",50.5
200.585616058355,199.89,0.695616058355313,50,10,"mean","Mean",50.5
198.95079967769,199.89,-0.939200322309659,50,10,"mean","Mean",50.5
199.696928580909,199.89,-0.193071419090955,50,10,"mean","Mean",50.5
201.161502939289,199.89,1.27150293928867,50,10,"mean","Mean",50.5
201.753461502414,199.89,1.8634615024136,50,10,"mean","Mean",50.5
197.886362116719,199.89,-2.00363788328121,50,10,"mean","Mean",50.5
203.414828493421,199.89,3.52482849342067,50,10,"mean","Mean",50.5
200.303307473233,199.89,0.413307473233289,50,10,"mean","Mean",50.5
200.717626308704,199.89,0.827626308703913,50,10,"mean","Mean",50.5
202.970725113561,199.89,3.08072511356107,50,10,"mean","Mean",50.5
201.702649428442,199.89,1.81264942844248,50,10,"mean","Mean",50.5
199.684034107398,199.89,-0.205965892601512,50,10,"mean","Mean",50.5
200.02112047448,199.89,0.131120474479957,50,10,"mean","Mean",50.5
200.210890594386,199.89,0.320890594386043,50,10,"mean","Mean",50.5
199.713139948635,199.89,-0.176860051365452,50,10,"mean","Mean",50.5
198.87490341179,199.89,-1.0150965882095,50,10,"mean","Mean",50.5
200.091072037119,199.89,0.201072037119303,50,10,"mean","Mean",50.5
202.591227778132,199.89,2.70122777813197,50,10,"mean","Mean",50.5
198.88788668907,199.89,-1.00211331093041,50,10,"mean","Mean",50.5
200.824578288373,199.89,0.934578288373473,50,10,"mean","Mean",50.5
199.36206900406,199.89,-0.527930995940011,50,10,"mean","Mean",50.5
199.545963820148,199.89,-0.344036179852196,50,10,"mean","Mean",50.5
200.991615776182,199.89,1.10161577618209,50,10,"mean","Mean",50.5
198.104142441424,199.89,-1.78585755857614,50,10,"mean","Mean",50.5
200.85943784783,199.89,0.96943784783025,50,10,"mean","Mean",50.5
197.571338226625,199.89,-2.31866177337466,50,10,"mean","Mean",50.5
201.900840916991,199.89,2.01084091699099,50,10,"mean","Mean",50.5
201.59363515892,199.89,1.70363515892035,50,10,"mean","Mean",50.5
200.559796712663,199.89,0.669796712663327,50,10,"mean","Mean",50.5
200.980437582319,199.89,1.09043758231917,50,10,"mean","Mean",50.5
201.793569727166,199.89,1.90356972716646,50,10,"mean","Mean",50.5
202.128405401688,199.89,2.23840540168788,50,10,"mean","Mean",50.5
200.77744360379,199.89,0.887443603789905,50,10,"mean","Mean",50.5
199.850355783283,199.89,-0.0396442167173063,50,10,"mean","Mean",50.5
201.185265412429,199.89,1.29526541242902,50,10,"mean","Mean",50.5
198.016652174444,199.89,-1.87334782555601,50,10,"mean","Mean",50.5
198.984845528513,199.89,-0.905154471487009,50,10,"mean","Mean",50.5
200.667776374894,199.89,0.777776374893705,50,10,"mean","Mean",50.5
203.254458986979,199.89,3.36445898697934,50,10,"mean","Mean",50.5
198.053195436912,199.89,-1.83680456308781,50,10,"mean","Mean",50.5
198.573013911468,199.89,-1.31698608853242,50,10,"mean","Mean",50.5
201.361215164287,199.89,1.47121516428692,50,10,"mean","Mean",50.5
202.64693247587,199.89,2.75693247587003,50,10,"mean","Mean",50.5
200.129065986567,199.89,0.239065986566715,50,10,"mean","Mean",50.5
199.707381947754,199.89,-0.182618052245516,50,10,"mean","Mean",50.5
200.96602519528,199.89,1.07602519527967,50,10,"mean","Mean",50.5
197.987833563582,199.89,-1.9021664364183,50,10,"mean","Mean",50.5
200.671339785525,199.89,0.781339785524779,50,10,"mean","Mean",50.5
198.493555578169,199.89,-1.39644442183103,50,10,"mean","Mean",50.5
198.821528108794,199.89,-1.06847189120575,50,10,"mean","Mean",50.5
199.407853479519,199.89,-0.482146520480569,50,10,"mean","Mean",50.5
199.305259454815,199.89,-0.584740545184815,50,10,"mean","Mean",50.5
199.048427348351,199.89,-0.841572651649329,50,10,"mean","Mean",50.5
200.360463003143,199.89,0.470463003143351,50,10,"mean","Mean",50.5
201.22166432793,199.89,1.33166432792959,50,10,"mean","Mean",50.5
197.460308706937,199.89,-2.42969129306317,50,10,"mean","Mean",50.5
201.262749970253,199.89,1.37274997025315,50,10,"mean","Mean",50.5
198.721381529838,199.89,-1.16861847016196,50,10,"mean","Mean",50.5
200.996208492245,199.89,1.10620849224455,50,10,"mean","Mean",50.5
199.820308221649,199.89,-0.0696917783507445,50,10,"mean","Mean",50.5
200.536349202244,199.89,0.646349202243925,50,10,"mean","Mean",50.5
200.235090141779,199.89,0.345090141779366,50,10,"mean","Mean",50.5
196.704953902929,199.89,-3.1850460970706,50,10,"mean","Mean",50.5
199.483078549278,199.89,-0.406921450722052,50,10,"mean","Mean",50.5
198.741899426945,199.89,-1.14810057305522,50,10,"mean","Mean",50.5
200.873831456889,199.89,0.983831456888765,50,10,"mean","Mean",50.5
198.594069280332,200.16,-1.56593071966751,50,20,"mean","Mean",50.5
203.99117056246,200.16,3.83117056246047,50,20,"mean","Mean",50.5
201.915013363871,200.16,1.75501336387069,50,20,"mean","Mean",50.5
199.139490822019,200.16,-1.02050917798144,50,20,"mean","Mean",50.5
200.733455940588,200.16,0.573455940587621,50,20,"mean","Mean",50.5
196.912171200308,200.16,-3.24782879969248,50,20,"mean","Mean",50.5
198.525962335629,200.16,-1.63403766437111,50,20,"mean","Mean",50.5
202.602379240034,200.16,2.4423792400336,50,20,"mean","Mean",50.5
193.808425898745,200.16,-6.35157410125495,50,20,"mean","Mean",50.5
198.726149887133,200.16,-1.43385011286736,50,20,"mean","Mean",50.5
196.401389068856,200.16,-3.75861093114358,50,20,"mean","Mean",50.5
194.835471025277,200.16,-5.32452897472317,50,20,"mean","Mean",50.5
203.678055173958,200.16,3.51805517395832,50,20,"mean","Mean",50.5
203.951392050258,200.16,3.79139205025803,50,20,"mean","Mean",50.5
200.596865886433,200.16,0.436865886433026,50,20,"mean","Mean",50.5
203.03227941329,200.16,2.87227941329041,50,20,"mean","Mean",50.5
198.277682842405,200.16,-1.88231715759503,50,20,"mean","Mean",50.5
204.826458272598,200.16,4.66645827259765,50,20,"mean","Mean",50.5
198.864935385982,200.16,-1.29506461401803,50,20,"mean","Mean",50.5
200.764068591718,200.16,0.604068591718033,50,20,"mean","Mean",50.5
204.135659442517,200.16,3.97565944251716,50,20,"mean","Mean",50.5
198.169845496817,200.16,-1.99015450318282,50,20,"mean","Mean",50.5
196.869788392175,200.16,-3.29021160782509,50,20,"mean","Mean",50.5
199.679683034787,200.16,-0.480316965212978,50,20,"mean","Mean",50.5
197.054370210909,200.16,-3.10562978909115,50,20,"mean","Mean",50.5
197.434422568946,200.16,-2.72557743105358,50,20,"mean","Mean",50.5
208.359433439716,200.16,8.1994334397163,50,20,"mean","Mean",50.5
199.956562593551,200.16,-0.203437406449382,50,20,"mean","Mean",50.5
199.942027590994,200.16,-0.217972409005625,50,20,"mean","Mean",50.5
202.567837344391,200.16,2.40783734439083,50,20,"mean","Mean",50.5
203.379672015725,200.16,3.21967201572494,50,20,"mean","Mean",50.5
201.389847188935,200.16,1.22984718893485,50,20,"mean","Mean",50.5
203.426988493245,200.16,3.26698849324501,50,20,"mean","Mean",50.5
203.855468279835,200.16,3.6954682798351,50,20,"mean","Mean",50.5
195.993534233146,200.16,-4.1664657668542,50,20,"mean","Mean",50.5
200.209730863251,200.16,0.0497308632511704,50,20,"mean","Mean",50.5
202.583878229092,200.16,2.42387822909211,50,20,"mean","Mean",50.5
194.346847007995,200.16,-5.8131529920046,50,20,"mean","Mean",50.5
202.868882308886,200.16,2.70888230888562,50,20,"mean","Mean",50.5
198.92533682465,200.16,-1.2346631753496,50,20,"mean","Mean",50.5
198.261147789247,200.16,-1.89885221075255,50,20,"mean","Mean",50.5
201.826329907827,200.16,1.66632990782722,50,20,"mean","Mean",50.5
205.005601028763,200.16,4.84560102876341,50,20,"mean","Mean",50.5
198.492539738691,200.16,-1.66746026130883,50,20,"mean","Mean",50.5
198.91215336033,200.16,-1.24784663967026,50,20,"mean","Mean",50.5
200.767604434594,200.16,0.607604434594322,50,20,"mean","Mean",50.5
200.524648824572,200.16,0.364648824571987,50,20,"mean","Mean",50.5
196.785000095146,200.16,-3.37499990485398,50,20,"mean","Mean",50.5
198.112751767584,200.16,-2.04724823241622,50,20,"mean","Mean",50.5
197.726099700529,200.16,-2.43390029947057,50,20,"mean","Mean",50.5
198.205090443319,200.16,-1.95490955668134,50,20,"mean","Mean",50.5
200.982413178611,200.16,0.822413178611299,50,20,"mean","Mean",50.5
199.861977772095,200.16,-0.298022227905022,50,20,"mean","Mean",50.5
199.911283865663,200.16,-0.248716134336661,50,20,"mean","Mean",50.5
203.444069799878,200.16,3.28406979987807,50,20,"mean","Mean",50.5
198.16830901661,200.16,-1.99169098339016,50,20,"mean","Mean",50.5
201.942656650961,200.16,1.78265665096097,50,20,"mean","Mean",50.5
200.110206983047,200.16,-0.049793016952691,50,20,"mean","Mean",50.5
202.751249585431,200.16,2.59124958543089,50,20,"mean","Mean",50.5
200.400829373382,200.16,0.24082937338207,50,20,"mean","Mean",50.5
201.333158323056,200.16,1.17315832305559,50,20,"mean","Mean",50.5
197.85625318435,200.16,-2.30374681565019,50,20,"mean","Mean",50.5
198.440590313827,200.16,-1.71940968617329,50,20,"mean","Mean",50.5
203.871291817202,200.16,3.71129181720192,50,20,"mean","Mean",50.5
199.702245267924,200.16,-0.457754732075898,50,20,"mean","Mean",50.5
200.900258785918,200.16,0.740258785918428,50,20,"mean","Mean",50.5
199.005895012139,200.16,-1.15410498786079,50,20,"mean","Mean",50.5
201.061799127026,200.16,0.901799127025726,50,20,"mean","Mean",50.5
200.686402406993,200.16,0.526402406992759,50,20,"mean","Mean",50.5
197.302177902005,200.16,-2.85782209799498,50,20,"mean","Mean",50.5
198.031430361698,200.16,-2.12856963830214,50,20,"mean","Mean",50.5
198.662369178535,200.16,-1.49763082146481,50,20,"mean","Mean",50.5
202.901648511127,200.16,2.74164851112698,50,20,"mean","Mean",50.5
204.517309699346,200.16,4.35730969934647,50,20,"mean","Mean",50.5
195.25805417921,200.16,-4.90194582078979,50,20,"mean","Mean",50.5
204.190814275585,200.16,4.03081427558507,50,20,"mean","Mean",50.5
201.150872364549,200.16,0.990872364549148,50,20,"mean","Mean",50.5
202.606168050492,200.16,2.44616805049236,50,20,"mean","Mean",50.5
203.203576812934,200.16,3.04357681293396,50,20,"mean","Mean",50.5
205.283951400127,200.16,5.12395140012737,50,20,"mean","Mean",50.5
196.27554196922,200.16,-3.88445803077965,50,20,"mean","Mean",50.5
198.224033997583,200.16,-1.93596600241673,50,20,"mean","Mean",50.5
201.662383684266,200.16,1.50238368426596,50,20,"mean","Mean",50.5
198.986622460465,200.16,-1.1733775395345,50,20,"mean","Mean",50.5
201.073011262799,200.16,0.913011262798761,50,20,"mean","Mean",50.5
200.586499764834,200.16,0.426499764833665,50,20,"mean","Mean",50.5
203.505278193869,200.16,3.34527819386858,50,20,"mean","Mean",50.5
198.870077256441,200.16,-1.28992274355923,50,20,"mean","Mean",50.5
201.910396223781,200.16,1.75039622378137,50,20,"mean","Mean",50.5
195.914404319059,200.16,-4.24559568094105,50,20,"mean","Mean",50.5
198.011737338157,200.16,-2.14826266184267,50,20,"mean","Mean",50.5
198.539776722582,200.16,-1.62022327741849,50,20,"mean","Mean",50.5
206.859311502724,200.16,6.6993115027245,50,20,"mean","Mean",50.5
200.420790146212,200.16,0.260790146211946,50,20,"mean","Mean",50.5
200.879988000564,200.16,0.71998800056403,50,20,"mean","Mean",50.5
202.206648994661,200.16,2.0466489946615,50,20,"mean","Mean",50.5
196.450409472591,200.16,-3.70959052740901,50,20,"mean","Mean",50.5
200.234729417754,200.16,0.074729417753673,50,20,"mean","Mean",50.5
201.649165379025,200.16,1.48916537902485,50,20,"mean","Mean",50.5
199.219848172015,200.16,-0.940151827984948,50,20,"mean","Mean",50.5
205.671937067785,200.19,5.481937067785,50,40,"mean","Mean",50.5
194.175483251157,200.19,-6.01451674884314,50,40,"mean","Mean",50.5
198.419882011155,200.19,-1.77011798884533,50,40,"mean","Mean",50.5
195.10140901737,200.19,-5.08859098263025,50,40,"mean","Mean",50.5
197.699114332979,200.19,-2.49088566702073,50,40,"mean","Mean",50.5
205.771359534131,200.19,5.5813595341312,50,40,"mean","Mean",50.5
208.543255734378,200.19,8.35325573437831,50,40,"mean","Mean",50.5
202.309703478177,200.19,2.11970347817729,50,40,"mean","Mean",50.5
196.165621527841,200.19,-4.0243784721589,50,40,"mean","Mean",50.5
194.387130722423,200.19,-5.8028692775772,50,40,"mean","Mean",50.5
203.484730243351,200.19,3.29473024335104,50,40,"mean","Mean",50.5
204.007210590387,200.19,3.81721059038691,50,40,"mean","Mean",50.5
193.058635547695,200.19,-7.13136445230481,50,40,"mean","Mean",50.5
200.311925842471,200.19,0.121925842470603,50,40,"mean","Mean",50.5
206.93536286141,200.19,6.74536286141031,50,40,"mean","Mean",50.5
204.345288026741,200.19,4.155288026741,50,40,"mean","Mean",50.5
208.619362600763,200.19,8.42936260076254,50,40,"mean","Mean",50.5
201.158543836629,200.19,0.968543836628641,50,40,"mean","Mean",50.5
199.90805782885,200.19,-0.281942171150149,50,40,"mean","Mean",50.5
188.83150321241,200.19,-11.3584967875902,50,40,"mean","Mean",50.5
209.7640923441,200.19,9.57409234410022,50,40,"mean","Mean",50.5
205.945838565834,200.19,5.75583856583376,50,40,"mean","Mean",50.5
197.156490171862,200.19,-3.03350982813757,50,40,"mean","Mean",50.5
200.79595154829,200.19,0.605951548289823,50,40,"mean","Mean",50.5
208.075371289811,200.19,7.88537128981127,50,40,"mean","Mean",50.5
209.889037673405,200.19,9.69903767340537,50,40,"mean","Mean",50.5
210.164695320045,200.19,9.97469532004493,50,40,"mean","Mean",50.5
200.939992468572,200.19,0.74999246857189,50,40,"mean","Mean",50.5
202.124901126772,200.19,1.93490112677225,50,40,"mean","Mean",50.5
197.646098558839,200.19,-2.5439014411605,50,40,"mean","Mean",50.5
202.725715545339,200.19,2.53571554533914,50,40,"mean","Mean",50.5
203.719291455366,200.19,3.52929145536643,50,40,"mean","Mean",50.5
201.388087633046,200.19,1.19808763304599,50,40,"mean","Mean",50.5
188.062590953468,200.19,-12.1274090465319,50,40,"mean","Mean",50.5
195.545502901388,200.19,-4.64449709861225,50,40,"mean","Mean",50.5
196.094391311418,200.19,-4.09560868858179,50,40,"mean","Mean",50.5
195.880340958062,200.19,-4.30965904193798,50,40,"mean","Mean",50.5
196.141386751095,200.19,-4.04861324890499,50,40,"mean","Mean",50.5
197.723354526621,200.19,-2.46664547337855,50,40,"mean","Mean",50.5
200.086731908509,200.19,-0.103268091491145,50,40,"mean","Mean",50.5
195.272643556063,200.19,-4.91735644393734,50,40,"mean","Mean",50.5
195.211930789116,200.19,-4.97806921088426,50,40,"mean","Mean",50.5
198.729235481007,200.19,-1.46076451899287,50,40,"mean","Mean",50.5
196.985371790267,200.19,-3.20462820973336,50,40,"mean","Mean",50.5
206.2678293193,200.19,6.07782931930026,50,40,"mean","Mean",50.5
199.984915674074,200.19,-0.205084325926265,50,40,"mean","Mean",50.5
203.241560915257,200.19,3.05156091525726,50,40,"mean","Mean",50.5
205.853296546703,200.19,5.66329654670258,50,40,"mean","Mean",50.5
194.88953131811,200.19,-5.30046868189041,50,40,"mean","Mean",50.5
199.774422788536,200.19,-0.415577211463614,50,40,"mean","Mean",50.5
204.53385174159,200.19,4.3438517415905,50,40,"mean","Mean",50.5
203.078501358031,200.19,2.88850135803094,50,40,"mean","Mean",50.5
197.910060092789,200.19,-2.27993990721086,50,40,"mean","Mean",50.5
199.1577086949,200.19,-1.03229130510044,50,40,"mean","Mean",50.5
195.644900709994,200.19,-4.54509929000625,50,40,"mean","Mean",50.5
188.968005096312,200.19,-11.2219949036878,50,40,"mean","Mean",50.5
193.026120573507,200.19,-7.16387942649345,50,40,"mean","Mean",50.5
193.262088641687,200.19,-6.92791135831334,50,40,"mean","Mean",50.5
185.741477577845,200.19,-14.4485224221553,50,40,"mean","Mean",50.5
194.280376198319,200.19,-5.90962380168105,50,40,"mean","Mean",50.5
196.429932375334,200.19,-3.76006762466605,50,40,"mean","Mean",50.5
199.348476792524,200.19,-0.84152320747603,50,40,"mean","Mean",50.5
191.430990659129,200.19,-8.75900934087082,50,40,"mean","Mean",50.5
195.509533033401,200.19,-4.68046696659869,50,40,"mean","Mean",50.5
206.410402902906,200.19,6.22040290290579,50,40,"mean","Mean",50.5
192.74310127658,200.19,-7.44689872342045,50,40,"mean","Mean",50.5
207.006607767672,200.19,6.8166077676722,50,40,"mean","Mean",50.5
199.303483797009,200.19,-0.886516202990805,50,40,"mean","Mean",50.5
216.419649572899,200.19,16.229649572899,50,40,"mean","Mean",50.5
200.274260444708,200.19,0.0842604447083488,50,40,"mean","Mean",50.5
199.370453197765,200.19,-0.819546802235294,50,40,"mean","Mean",50.5
204.876701161604,200.19,4.68670116160362,50,40,"mean","Mean",50.5
196.485013660747,200.19,-3.70498633925263,50,40,"mean","Mean",50.5
205.913910975749,200.19,5.72391097574888,50,40,"mean","Mean",50.5
201.526222256098,200.19,1.33622225609767,50,40,"mean","Mean",50.5
196.520433263736,200.19,-3.66956673626413,50,40,"mean","Mean",50.5
186.725330571554,200.19,-13.4646694284463,50,40,"mean","Mean",50.5
202.109633153565,200.19,1.9196331535652,50,40,"mean","Mean",50.5
196.839331428924,200.19,-3.35066857107626,50,40,"mean","Mean",50.5
187.557775972646,200.19,-12.6322240273536,50,40,"mean","Mean",50.5
201.628421754543,200.19,1.43842175454336,50,40,"mean","Mean",50.5
204.681406966464,200.19,4.49140696646353,50,40,"mean","Mean",50.5
192.516996647555,200.19,-7.67300335244485,50,40,"mean","Mean",50.5
188.814010728059,200.19,-11.3759892719406,50,40,"mean","Mean",50.5
202.903979616125,200.19,2.7139796161255,50,40,"mean","Mean",50.5
195.936580018146,200.19,-4.25341998185363,50,40,"mean","Mean",50.5
201.440384675193,200.19,1.25038467519343,50,40,"mean","Mean",50.5
201.526006576905,200.19,1.33600657690491,50,40,"mean","Mean",50.5
198.457466518322,200.19,-1.73253348167847,50,40,"mean","Mean",50.5
196.965257554435,200.19,-3.22474244556463,50,40,"mean","Mean",50.5
196.70240371118,200.19,-3.48759628882004,50,40,"mean","Mean",50.5
198.979674493918,200.19,-1.21032550608169,50,40,"mean","Mean",50.5
204.952249861946,200.19,4.76224986194643,50,40,"mean","Mean",50.5
201.086585462353,200.19,0.896585462353215,50,40,"mean","Mean",50.5
206.428952501974,200.19,6.2389525019743,50,40,"mean","Mean",50.5
215.198083801279,200.19,15.0080838012789,50,40,"mean","Mean",50.5
199.893030959394,200.19,-0.296969040605802,50,40,"mean","Mean",50.5
205.96937506731,200.19,5.77937506731021,50,40,"mean","Mean",50.5
199.879380519932,200.19,-0.310619480068453,50,40,"mean","Mean",50.5
201.686166815149,200.19,1.49616681514883,50,40,"mean","Mean",50.5
